date,type,name,distance_m,moving_s,elev_m,relative_effort,calories
2023-12-09T18:14,Workout,Abendtraining,0,8885,0,,492
2023-12-10T15:24,Workout,Nachmittagstraining,0,22080,0,,1516
2023-12-11T19:01,Workout,Abendtraining,0,7995,0,32,674
2023-12-18T15:46,Workout,Nachmittagstraining,0,65813,0,116,1797
2023-12-22T17:52,Workout,Nachmittagstraining,0,12301,0,47,951
2023-12-30T11:27,Run,Mittagslauf,5320.49,2497,59.9,32,491
2024-01-20T22:54,Workout,Nachttraining,0,35103,0,62,1242
2024-03-26T17:13,Run,Lauf am Nachmittag,3561.09,1372,49.9,23,267
2024-06-11T06:41,Run,Lauf am Morgen,4230.3,1897,55.1,26,341
2024-08-13T07:21,Run,Lauf am Morgen,3435.6,1367,51.3,43,274
2024-08-22T06:46,Run,Lauf am Morgen,3424.9,1317,51.2,62,295
2024-08-23T07:05,Run,Lauf am Morgen,1777,948,23,5,109
2024-08-30T14:55,Ride,Fahrt am Nachmittag,22973,5781,387.1,29,316
2025-03-16T17:42,Run,Lauf am Nachmittag,4882.7,1994,68.5,58,434
2025-03-18T07:16,Run,Lauf am Morgen,4931,2015,67.1,100,467
2025-03-20T06:28,Run,Lauf am Morgen,4919.8,2075,66.6,50,393
2025-03-22T08:49,Run,Lauf am Morgen,4875.5,2661,64.3,19,376
2025-03-23T09:52,Ride,Fahrt am Morgen,40229,7568,515.7,67,524
2025-03-26T06:15,Run,Lauf am Morgen,4909.9,2056,66.7,37,361
2025-03-28T17:15,Ride,Fahrt am Nachmittag,24875,6564,458.5,31,366
2025-04-03T07:05,Run,Lauf am Morgen,4877.3,2296,28.9,26,364
2025-04-04T13:01,Ride,Fahrt am Nachmittag,57642,14095,993.8,226,1317
2025-04-12T08:49,Run,Lauf am Morgen,4930.1,1912,68.9,54,370
2025-04-13T10:01,Ride,Fahrt am Morgen,49836,8285,593.1,150,731
2025-04-20T11:22,Ride,Mittagsradfahrt,114666,20166,887.1,458,1990
2025-04-27T12:54,Ride,Mittagsradfahrt,24248,7254,349.3,25,331
2025-04-29T05:15,Run,Lauf am Morgen,4975,1968,68,35,364
2025-06-17T19:52,Ride,Trainingsrunde,17126.6,2335,240,,598
2025-06-18T07:29,Ride,2025-06-18Ride,1792.2,263,8,,60
2025-06-18T16:24,Ride,2025-06-18Ride,1798.1,411,62,,55
2025-06-24T06:57,Run,Lauf am Morgen,4920.1,1891,65.2,47,403
2025-06-27T07:38,Run,Lauf am Morgen,5233.4,2072,73.7,41,427
2025-06-28T20:56,Ride,Geile Trainingsrunde,28264,4086,388,,1014
2025-06-30T07:40,Run,Lauf am Morgen,4784.5,1841,66.9,38,421
2025-07-02T08:47,Ride,2025-07-02Ride,2249.5,304,15,,80
2025-07-03T19:38,Ride,Trainingsrunde,17974.7,2509,281,,631
2025-07-04T08:28,Ride,2025-07-04Ride,13133.9,1904,139,,477
2025-07-06T10:22,Ride,Fahrt mit Pascal,63362,11043,778.9,124,934
2025-07-15T19:37,Ride,2025-07-15Ride,24709.1,3140,264,80,851
2025-07-18T18:48,Ride,2025-07-18Ride,24386.5,3037,265,84,803
2025-07-20T12:23,Ride,Mittagsradfahrt,19619,4399,243.2,21,248
2025-07-25T08:06,Ride,Bikepacking Prag Tag 1,189004,34605,1959,481,5775
2025-07-26T09:34,Ride,Bikepacking Prag Tag 2,149657,30027,1868,238,5756
2025-07-29T14:02,Ride,Rundfahrt,25980,3436,359,99,916
2025-08-06T19:15,Ride,Abendrunde,40231.7,4969,222,137,1321
2025-08-07T17:24,Ride,2025-08-07Ride,42104.1,6113,456,87,1390
2025-08-18T19:11,Ride,All In,33353.4,3679,125,160,1092
2025-08-25T19:49,Ride,2025-08-25Ride,15481.9,2179,190,61,568
2025-08-27T16:18,Ride,Geiseltal See,25209.2,3392,147,48,768
2026-03-21T13:37,Run,Lauf am Nachmittag,9886.8,3960,114.1,105,789
2026-03-24T06:05,Run,Lauf am Morgen (Canicross),4939,1542,67,60,361
2026-03-26T16:44,Run,Lauf mit Löschi,9751.3,3772,183.6,131,820
2026-03-28T10:25,Run,Laufen mit Lina und Merlin,4872,2249,70.5,32,412
2026-03-31T16:50,Run,Lauf mit Pascal,6524.6,2275,93.8,85,515
2026-04-02T17:18,Run,Lauf mit Löschi,10555.4,4105,175.3,142,954
2026-04-03T16:58,Ride,Erste Runde des Jahres,49406.5,7004,509,,1790
2026-04-05T13:22,Run,Lauf mit Lina und Merlin,4904.4,2052,66.3,19,349
2026-04-05T17:37,Run,Erstes mal Halbmarathon Distanz,21293.9,9119,173,262,1883
2026-04-23T08:56,Run,Lauf am Morgen,5242.8,1781,69.1,,567
2026-04-24T18:57,Ride,Entspanntes Ründchen,25415.6,3839,222,57,891
2026-04-26T08:24,Run,Lauf mit Lina und den Hunden,4985.5,1891,67.9,28,344
2026-04-26T11:02,Ride,Ausflug mit Jacques,59597.8,10344,410,133,2336
2026-04-30T06:38,Run,Lauf am Morgen,5028.8,1835,68.6,54,406
2026-05-02T09:05,Ride,Zur Bleilochtalsperre,123395,23285,1360,434,5588
2026-05-06T16:13,Ride,55km Ründchen,56488.2,8889,555,119,2004
2026-05-13T07:10,Run,Lauf am Morgen,4970.8,1902,68.1,47,378
2026-05-14T09:18,Run,Lauf am Morgen,8086.5,5597,119.8,14,585
2026-05-17T07:51,Run,Lauf mit Lina,5100,1965,68.9,33,362
2026-05-17T10:13,Ride,100k,102138,14855,813,368,3831
2026-05-18T16:02,Ride,Kleines Feierabendründchen mit Pascal,41699.3,6596,456,104,1520
2026-05-19T18:54,InlineSkate,Seit langem Mal wieder Inliner fahren,0,2211,0,13,276
2026-05-23T11:30,Ride,Ausflug mit Vivi,40748.1,8587,341,35,1373
2026-05-26T07:03,Run,Lauf mit Raya,4987.8,1726,66.6,37,340
2026-05-28T07:42,Ride,Amsterdam Tag 1,171624,28584,1309,365,6370
2026-05-29T08:08,Ride,Amsterdam Tag 2,170158,28860,1030,226,4795
2026-05-30T09:25,Ride,Amsterdam Tag 3,265189,44405,569,186,7681
2026-06-05T19:59,Run,Strecken erkunden mit Raya,8002.5,3011,116.4,93,655
2026-06-07T08:13,Run,Lauf mit Raya aber schnell,5009.2,1609,67,81,399
2026-06-07T09:15,Run,Lauf am Morgen Runde 2 mit Lina,5018.7,1980,67.7,64,430
2026-06-07T18:04,Ride,2026-06-07Ride,28518.3,5421,234.3,,943
2026-06-14T08:20,Run,Lauf am Morgen,4988.5,1743,66.2,48,357
2026-06-16T07:16,Run,Lauf am Morgen,5092.3,1910,68.2,29,347
2026-06-27T08:17,Ride,Kroatien Climb,47822.2,10426,992,315,2807
2026-07-05T09:09,Run,Lauf am Morgen,4959.9,1810,66.1,51,376
2026-07-12T10:50,Run,10 mit Lina,10148.3,4396,118.8,,1096
2026-07-19T08:53,Run,SoDoWa,5100.3,1765,66.8,,550
2026-07-21T07:33,Run,Rekordversuch,5249.7,1579,68.4,,569
2026-07-22T18:30,Swim,Erste mal schwimmen als Training,1250,2220,0,,
2026-07-23T20:15,Run,Abendlauf,5106.8,1828,68.7,30,328
2026-07-25T18:51,Swim,Abendschwimmen,500,799,0,,157
2026-07-26T08:25,Run,Lauf am Morgen,5055.8,1827,69.1,43,361
2026-08-04T16:47,Run,Lauf am Nachmittag,7567.9,2638,66,,811
2026-08-13T07:30,Run,Morgenrunde mit Raya,4990.8,1777,68.3,43,351
2026-08-13T20:05,Run,Abendlauf,5025.5,1661,40.5,62,369
2026-08-16T07:51,Run,Lauf am Morgen,5076.4,1942,84.5,35,369
2026-08-17T17:24,Run,Lauf am Nachmittag,6070.3,2557,135.7,44,473
2026-08-18T07:13,Run,Lauf mit Lina,4668.7,1571,39.4,32,298
2026-08-18T16:16,Run,Lauf mit Löschi,5731.1,2337,185.2,70,493
2026-08-21T07:19,Run,Lauf mit Lina,5391.1,1924,65.1,,580
2026-08-22T19:26,Ride,Spontanes Abendründchen,43095.4,6678,454,93,1507
2026-08-23T16:12,Run,Lauf am Nachmittag,5210.3,2157,24.9,35,385
2026-08-24T17:28,Ride,Feierabend Runde mit Pascal,50988.5,7782,433,84,1670
2026-08-27T16:45,Run,Lauf am Nachmittag,5059,2195,26.6,48,442
2026-08-28T07:16,Run,Lauf am Morgen (GPS hatte kein Bock),3797.7,1851,0,45,366
2026-08-29T17:18,InlineSkate,Inline skating,14869,3367,179.7,,
2026-08-30T17:25,Run,Lauf am Nachmittag,7805.2,3148,91.9,70,603
2026-09-04T19:17,Run,Abendlauf,4857.7,1929,31.5,20,613
2026-09-14T17:41,Run,Lauf am Nachmittag mit Raya,5279.2,1783,61.5,,562
2026-09-17T19:08,Run,Abendlauf,5282,2406,20.8,46,479
2026-09-24T07:56,Run,Lauf am Morgen,5182.3,1858,63.6,50,398
2026-09-28T07:18,Run,Lauf am Morgen,5356.8,1940,68.3,49,398
2026-09-30T07:49,Run,Lauf am Morgen,5144.9,1546,60.9,86,383
